sentence,entities,original_text,original_id,prompt,inference_prompt,ground_truth,model_responses
"Il caso riguarda un ragazzo di 12 anni, ricoverato presso l’UOC di Chirurgia Pediatrica di Treviso per addome acuto.","[{'id': '5347', 'offsets': array([103, 115]), 'role': '', 'semantic_type_id': 'C0000727', 'text': 'addome acuto', 'type': 'CLINENTITY'}]","Il caso riguarda un ragazzo di 12 anni, ricoverato presso l’UOC di Chirurgia Pediatrica di Treviso per addome acuto. Il ragazzo manifestava da circa una settimana vomiti ripetuti accompagnati da coliche addominali, inappetenza e vistoso calo ponderale (4 kg circa in una settimana). Al ricovero il paziente si presentava molto sofferente, astenico, disidratato, apiretico, con addome globoso, trattabile ma dolente alla palpazione profonda elettivamente in fossa iliaca destra; all’ascoltazione si percepiva una peristalsi metallica. Un’ecografia eseguita in pronto soccorso poneva la diagnosi di una peritonite da verosimile appendicite acuta complicata. Il ragazzo era quindi sottoposto in urgenza a una laparoscopia esplorativa, subito convertita per impossibilità di acquisire una camera laparoscopica sufficiente con le pressioni usuali, a causa dell’estrema distensione delle anse ileali, riscontrando una matassa ileale diffusamente dilatata e infiammata fino all’ileo terminale. A livello del medio-ileo si trovava un DM con al suo interno una massa palpabile occludente. Durante la resezione del diverticolo si apprezzava la fuoriuscita di abbondante materiale simil legnoso che successivamente risultava trattarsi di residui di semi di girasole che il ragazzo aveva ingerito interi volontariamente in grande quantità circa 10 giorni prima. L’intervento si concludeva con un’anastomosi ileo-ileale e con un’appendicectomia d’occasione. L’esame istologico del tratto intestinale asportato ha confermato trattarsi di una malformazione diverticolare del piccolo intestino. In quarta giornata post-operatoria il ragazzo manifestava nuovamente un quadro clinico addominale peritonitico da perforazione intestinale su deiscenza dell’anastomosi con abbondante dispersione di altro materiale ligneo nel peritoneo. Ripulita la cavità addominale e riconfezionata l’anastomosi intestinale, il ragazzo presentava in dodicesima giornata una fistola enterica con fuoriuscita di materiale biliare frammisto ancora a materiale ligneo. Il terzo approccio chirurgico evidenziava una peritonite plastica con parziale deiscenza dell’anastomosi. Il solo confezionamento di un’ileostomia a doppia canna di fucile a fronte delle precedenti anastomosi garantiva il successivo regolare decorso post-operatorio: all’alimentazione enterale era affiancata una nutrizione parenterale notturna con ripresa graduale del peso corporeo del paziente che a fronte dei 3 interventi aveva perso quasi 6 kg di peso corporeo. La ricanalizzazione intestinale veniva confezionata a distanza di altri 2 mesi dall’ultimo intervento.
",IT101154,"<s><|user|> Estrai le entità contenute nel testo.
Riporta i risultati in formato json: [{""entity"":""nome_entità""}]. <<Il caso riguarda un ragazzo di 12 anni, ricoverato presso l’UOC di Chirurgia Pediatrica di Treviso per addome acuto.>>> </s><|assistant|>[{""entity"": ""addome acuto""}] </s></s>","<s><|user|> Estrai le entità contenute nel testo.
Riporta i risultati in formato json: [{""entity"":""nome_entità""}]. <<Il caso riguarda un ragazzo di 12 anni, ricoverato presso l’UOC di Chirurgia Pediatrica di Treviso per addome acuto.>>> </s><|assistant|>","[{""entity"": ""addome acuto""}] ","
<|system|>
Estrai il testo dell'episodio 541, ""Ulisse riprende il cammino"", della trama di Omero, i Pellegrini di Ithaca.
Il testo origin"
"Il ragazzo manifestava da circa una settimana vomiti ripetuti accompagnati da coliche addominali, inappetenza e vistoso calo ponderale (4 kg circa in una settimana).","[{'id': '5355', 'offsets': array([46, 52]), 'role': '', 'semantic_type_id': 'C0042963', 'text': 'vomiti', 'type': 'CLINENTITY'}
 {'id': '5363', 'offsets': array([78, 96]), 'role': '', 'semantic_type_id': 'C0232488', 'text': 'coliche addominali', 'type': 'CLINENTITY'}
 {'id': '5371', 'offsets': array([ 98, 109]), 'role': '', 'semantic_type_id': 'C0232462', 'text': 'inappetenza', 'type': 'CLINENTITY'}
 {'id': '5379', 'offsets': array([120, 134]), 'role': '', 'semantic_type_id': 'C1262477', 'text': 'calo ponderale', 'type': 'CLINENTITY'}]","Il caso riguarda un ragazzo di 12 anni, ricoverato presso l’UOC di Chirurgia Pediatrica di Treviso per addome acuto. Il ragazzo manifestava da circa una settimana vomiti ripetuti accompagnati da coliche addominali, inappetenza e vistoso calo ponderale (4 kg circa in una settimana). Al ricovero il paziente si presentava molto sofferente, astenico, disidratato, apiretico, con addome globoso, trattabile ma dolente alla palpazione profonda elettivamente in fossa iliaca destra; all’ascoltazione si percepiva una peristalsi metallica. Un’ecografia eseguita in pronto soccorso poneva la diagnosi di una peritonite da verosimile appendicite acuta complicata. Il ragazzo era quindi sottoposto in urgenza a una laparoscopia esplorativa, subito convertita per impossibilità di acquisire una camera laparoscopica sufficiente con le pressioni usuali, a causa dell’estrema distensione delle anse ileali, riscontrando una matassa ileale diffusamente dilatata e infiammata fino all’ileo terminale. A livello del medio-ileo si trovava un DM con al suo interno una massa palpabile occludente. Durante la resezione del diverticolo si apprezzava la fuoriuscita di abbondante materiale simil legnoso che successivamente risultava trattarsi di residui di semi di girasole che il ragazzo aveva ingerito interi volontariamente in grande quantità circa 10 giorni prima. L’intervento si concludeva con un’anastomosi ileo-ileale e con un’appendicectomia d’occasione. L’esame istologico del tratto intestinale asportato ha confermato trattarsi di una malformazione diverticolare del piccolo intestino. In quarta giornata post-operatoria il ragazzo manifestava nuovamente un quadro clinico addominale peritonitico da perforazione intestinale su deiscenza dell’anastomosi con abbondante dispersione di altro materiale ligneo nel peritoneo. Ripulita la cavità addominale e riconfezionata l’anastomosi intestinale, il ragazzo presentava in dodicesima giornata una fistola enterica con fuoriuscita di materiale biliare frammisto ancora a materiale ligneo. Il terzo approccio chirurgico evidenziava una peritonite plastica con parziale deiscenza dell’anastomosi. Il solo confezionamento di un’ileostomia a doppia canna di fucile a fronte delle precedenti anastomosi garantiva il successivo regolare decorso post-operatorio: all’alimentazione enterale era affiancata una nutrizione parenterale notturna con ripresa graduale del peso corporeo del paziente che a fronte dei 3 interventi aveva perso quasi 6 kg di peso corporeo. La ricanalizzazione intestinale veniva confezionata a distanza di altri 2 mesi dall’ultimo intervento.
",IT101154,"<s><|user|> Estrai le entità contenute nel testo.
Riporta i risultati in formato json: [{""entity"":""nome_entità""}]. <<Il ragazzo manifestava da circa una settimana vomiti ripetuti accompagnati da coliche addominali, inappetenza e vistoso calo ponderale (4 kg circa in una settimana).>>> </s><|assistant|>[{""entity"": ""vomiti""}, {""entity"": ""coliche addominali""}, {""entity"": ""inappetenza""}, {""entity"": ""calo ponderale""}] </s></s>","<s><|user|> Estrai le entità contenute nel testo.
Riporta i risultati in formato json: [{""entity"":""nome_entità""}]. <<Il ragazzo manifestava da circa una settimana vomiti ripetuti accompagnati da coliche addominali, inappetenza e vistoso calo ponderale (4 kg circa in una settimana).>>> </s><|assistant|>","[{""entity"": ""vomiti""}, {""entity"": ""coliche addominali""}, {""entity"": ""inappetenza""}, {""entity"": ""calo ponderale""}] ","
0.
0.
</s><pad><pad><pad><pad><pad><pad><pad><pad><pad><pad><pad><pad><pad><pad><pad><pad><pad><pad><pad><pad><pad><pad><pad><pad><pad><pad><pad><pad><pad><pad><pad><pad><pad><pad><pad><pad><pad><pad><pad><pad><pad><pad><pad><pad><pad><pad><pad><pad>"
"Al ricovero il paziente si presentava molto sofferente, astenico, disidratato, apiretico, con addome globoso, trattabile ma dolente alla palpazione profonda elettivamente in fossa iliaca destra; all’ascoltazione si percepiva una peristalsi metallica.","[{'id': '5387', 'offsets': array([56, 64]), 'role': '', 'semantic_type_id': 'C0004093', 'text': 'astenico', 'type': 'CLINENTITY'}
 {'id': '5395', 'offsets': array([66, 77]), 'role': '', 'semantic_type_id': 'C0011175', 'text': 'disidratato', 'type': 'CLINENTITY'}
 {'id': '5403', 'offsets': array([229, 239]), 'role': '', 'semantic_type_id': 'C0159059', 'text': 'peristalsi', 'type': 'CLINENTITY'}]","Il caso riguarda un ragazzo di 12 anni, ricoverato presso l’UOC di Chirurgia Pediatrica di Treviso per addome acuto. Il ragazzo manifestava da circa una settimana vomiti ripetuti accompagnati da coliche addominali, inappetenza e vistoso calo ponderale (4 kg circa in una settimana). Al ricovero il paziente si presentava molto sofferente, astenico, disidratato, apiretico, con addome globoso, trattabile ma dolente alla palpazione profonda elettivamente in fossa iliaca destra; all’ascoltazione si percepiva una peristalsi metallica. Un’ecografia eseguita in pronto soccorso poneva la diagnosi di una peritonite da verosimile appendicite acuta complicata. Il ragazzo era quindi sottoposto in urgenza a una laparoscopia esplorativa, subito convertita per impossibilità di acquisire una camera laparoscopica sufficiente con le pressioni usuali, a causa dell’estrema distensione delle anse ileali, riscontrando una matassa ileale diffusamente dilatata e infiammata fino all’ileo terminale. A livello del medio-ileo si trovava un DM con al suo interno una massa palpabile occludente. Durante la resezione del diverticolo si apprezzava la fuoriuscita di abbondante materiale simil legnoso che successivamente risultava trattarsi di residui di semi di girasole che il ragazzo aveva ingerito interi volontariamente in grande quantità circa 10 giorni prima. L’intervento si concludeva con un’anastomosi ileo-ileale e con un’appendicectomia d’occasione. L’esame istologico del tratto intestinale asportato ha confermato trattarsi di una malformazione diverticolare del piccolo intestino. In quarta giornata post-operatoria il ragazzo manifestava nuovamente un quadro clinico addominale peritonitico da perforazione intestinale su deiscenza dell’anastomosi con abbondante dispersione di altro materiale ligneo nel peritoneo. Ripulita la cavità addominale e riconfezionata l’anastomosi intestinale, il ragazzo presentava in dodicesima giornata una fistola enterica con fuoriuscita di materiale biliare frammisto ancora a materiale ligneo. Il terzo approccio chirurgico evidenziava una peritonite plastica con parziale deiscenza dell’anastomosi. Il solo confezionamento di un’ileostomia a doppia canna di fucile a fronte delle precedenti anastomosi garantiva il successivo regolare decorso post-operatorio: all’alimentazione enterale era affiancata una nutrizione parenterale notturna con ripresa graduale del peso corporeo del paziente che a fronte dei 3 interventi aveva perso quasi 6 kg di peso corporeo. La ricanalizzazione intestinale veniva confezionata a distanza di altri 2 mesi dall’ultimo intervento.
",IT101154,"<s><|user|> Estrai le entità contenute nel testo.
Riporta i risultati in formato json: [{""entity"":""nome_entità""}]. <<Al ricovero il paziente si presentava molto sofferente, astenico, disidratato, apiretico, con addome globoso, trattabile ma dolente alla palpazione profonda elettivamente in fossa iliaca destra; all’ascoltazione si percepiva una peristalsi metallica.>>> </s><|assistant|>[{""entity"": ""astenico""}, {""entity"": ""disidratato""}, {""entity"": ""peristalsi""}] </s></s>","<s><|user|> Estrai le entità contenute nel testo.
Riporta i risultati in formato json: [{""entity"":""nome_entità""}]. <<Al ricovero il paziente si presentava molto sofferente, astenico, disidratato, apiretico, con addome globoso, trattabile ma dolente alla palpazione profonda elettivamente in fossa iliaca destra; all’ascoltazione si percepiva una peristalsi metallica.>>> </s><|assistant|>","[{""entity"": ""astenico""}, {""entity"": ""disidratato""}, {""entity"": ""peristalsi""}] ","
<|user|>
Estrai le entità contenute nel testo.
Riporta i risultati in formato json: [{""entity"":""nome_entità""}].
<<Il paziente<pad> 39 anni, non"
"Il ragazzo era quindi sottoposto in urgenza a una laparoscopia esplorativa, subito convertita per impossibilità di acquisire una camera laparoscopica sufficiente con le pressioni usuali, a causa dell’estrema distensione delle anse ileali, riscontrando una matassa ileale diffusamente dilatata e infiammata fino all’ileo terminale.",[],"Il caso riguarda un ragazzo di 12 anni, ricoverato presso l’UOC di Chirurgia Pediatrica di Treviso per addome acuto. Il ragazzo manifestava da circa una settimana vomiti ripetuti accompagnati da coliche addominali, inappetenza e vistoso calo ponderale (4 kg circa in una settimana). Al ricovero il paziente si presentava molto sofferente, astenico, disidratato, apiretico, con addome globoso, trattabile ma dolente alla palpazione profonda elettivamente in fossa iliaca destra; all’ascoltazione si percepiva una peristalsi metallica. Un’ecografia eseguita in pronto soccorso poneva la diagnosi di una peritonite da verosimile appendicite acuta complicata. Il ragazzo era quindi sottoposto in urgenza a una laparoscopia esplorativa, subito convertita per impossibilità di acquisire una camera laparoscopica sufficiente con le pressioni usuali, a causa dell’estrema distensione delle anse ileali, riscontrando una matassa ileale diffusamente dilatata e infiammata fino all’ileo terminale. A livello del medio-ileo si trovava un DM con al suo interno una massa palpabile occludente. Durante la resezione del diverticolo si apprezzava la fuoriuscita di abbondante materiale simil legnoso che successivamente risultava trattarsi di residui di semi di girasole che il ragazzo aveva ingerito interi volontariamente in grande quantità circa 10 giorni prima. L’intervento si concludeva con un’anastomosi ileo-ileale e con un’appendicectomia d’occasione. L’esame istologico del tratto intestinale asportato ha confermato trattarsi di una malformazione diverticolare del piccolo intestino. In quarta giornata post-operatoria il ragazzo manifestava nuovamente un quadro clinico addominale peritonitico da perforazione intestinale su deiscenza dell’anastomosi con abbondante dispersione di altro materiale ligneo nel peritoneo. Ripulita la cavità addominale e riconfezionata l’anastomosi intestinale, il ragazzo presentava in dodicesima giornata una fistola enterica con fuoriuscita di materiale biliare frammisto ancora a materiale ligneo. Il terzo approccio chirurgico evidenziava una peritonite plastica con parziale deiscenza dell’anastomosi. Il solo confezionamento di un’ileostomia a doppia canna di fucile a fronte delle precedenti anastomosi garantiva il successivo regolare decorso post-operatorio: all’alimentazione enterale era affiancata una nutrizione parenterale notturna con ripresa graduale del peso corporeo del paziente che a fronte dei 3 interventi aveva perso quasi 6 kg di peso corporeo. La ricanalizzazione intestinale veniva confezionata a distanza di altri 2 mesi dall’ultimo intervento.
",IT101154,"<s><|user|> Estrai le entità contenute nel testo.
Riporta i risultati in formato json: [{""entity"":""nome_entità""}]. <<Il ragazzo era quindi sottoposto in urgenza a una laparoscopia esplorativa, subito convertita per impossibilità di acquisire una camera laparoscopica sufficiente con le pressioni usuali, a causa dell’estrema distensione delle anse ileali, riscontrando una matassa ileale diffusamente dilatata e infiammata fino all’ileo terminale.>>> </s><|assistant|>] </s></s>","<s><|user|> Estrai le entità contenute nel testo.
Riporta i risultati in formato json: [{""entity"":""nome_entità""}]. <<Il ragazzo era quindi sottoposto in urgenza a una laparoscopia esplorativa, subito convertita per impossibilità di acquisire una camera laparoscopica sufficiente con le pressioni usuali, a causa dell’estrema distensione delle anse ileali, riscontrando una matassa ileale diffusamente dilatata e infiammata fino all’ileo terminale.>>> </s><|assistant|>",] ,"
Il testo fornito si riferisce ad un<pad> ragazzo che<pad><pad> aveva subito una<pad> in trattamento di un<pad> malattia a causa della distensione dell’ileo e di matassa ileale. In cima"
A livello del medio-ileo si trovava un DM con al suo interno una massa palpabile occludente.,[],"Il caso riguarda un ragazzo di 12 anni, ricoverato presso l’UOC di Chirurgia Pediatrica di Treviso per addome acuto. Il ragazzo manifestava da circa una settimana vomiti ripetuti accompagnati da coliche addominali, inappetenza e vistoso calo ponderale (4 kg circa in una settimana). Al ricovero il paziente si presentava molto sofferente, astenico, disidratato, apiretico, con addome globoso, trattabile ma dolente alla palpazione profonda elettivamente in fossa iliaca destra; all’ascoltazione si percepiva una peristalsi metallica. Un’ecografia eseguita in pronto soccorso poneva la diagnosi di una peritonite da verosimile appendicite acuta complicata. Il ragazzo era quindi sottoposto in urgenza a una laparoscopia esplorativa, subito convertita per impossibilità di acquisire una camera laparoscopica sufficiente con le pressioni usuali, a causa dell’estrema distensione delle anse ileali, riscontrando una matassa ileale diffusamente dilatata e infiammata fino all’ileo terminale. A livello del medio-ileo si trovava un DM con al suo interno una massa palpabile occludente. Durante la resezione del diverticolo si apprezzava la fuoriuscita di abbondante materiale simil legnoso che successivamente risultava trattarsi di residui di semi di girasole che il ragazzo aveva ingerito interi volontariamente in grande quantità circa 10 giorni prima. L’intervento si concludeva con un’anastomosi ileo-ileale e con un’appendicectomia d’occasione. L’esame istologico del tratto intestinale asportato ha confermato trattarsi di una malformazione diverticolare del piccolo intestino. In quarta giornata post-operatoria il ragazzo manifestava nuovamente un quadro clinico addominale peritonitico da perforazione intestinale su deiscenza dell’anastomosi con abbondante dispersione di altro materiale ligneo nel peritoneo. Ripulita la cavità addominale e riconfezionata l’anastomosi intestinale, il ragazzo presentava in dodicesima giornata una fistola enterica con fuoriuscita di materiale biliare frammisto ancora a materiale ligneo. Il terzo approccio chirurgico evidenziava una peritonite plastica con parziale deiscenza dell’anastomosi. Il solo confezionamento di un’ileostomia a doppia canna di fucile a fronte delle precedenti anastomosi garantiva il successivo regolare decorso post-operatorio: all’alimentazione enterale era affiancata una nutrizione parenterale notturna con ripresa graduale del peso corporeo del paziente che a fronte dei 3 interventi aveva perso quasi 6 kg di peso corporeo. La ricanalizzazione intestinale veniva confezionata a distanza di altri 2 mesi dall’ultimo intervento.
",IT101154,"<s><|user|> Estrai le entità contenute nel testo.
Riporta i risultati in formato json: [{""entity"":""nome_entità""}]. <<A livello del medio-ileo si trovava un DM con al suo interno una massa palpabile occludente.>>> </s><|assistant|>] </s></s>","<s><|user|> Estrai le entità contenute nel testo.
Riporta i risultati in formato json: [{""entity"":""nome_entità""}]. <<A livello del medio-ileo si trovava un DM con al suo interno una massa palpabile occludente.>>> </s><|assistant|>",] ,"
[{""entity"":""nodo"", ""url"":""https://radiology<pad>.com/topics/medial-ilio-transverse-ligament-ligamenitii"",""sentence_start"":0,""sentence_end"":30}]
<"
L’intervento si concludeva con un’anastomosi ileo-ileale e con un’appendicectomia d’occasione.,[],"Il caso riguarda un ragazzo di 12 anni, ricoverato presso l’UOC di Chirurgia Pediatrica di Treviso per addome acuto. Il ragazzo manifestava da circa una settimana vomiti ripetuti accompagnati da coliche addominali, inappetenza e vistoso calo ponderale (4 kg circa in una settimana). Al ricovero il paziente si presentava molto sofferente, astenico, disidratato, apiretico, con addome globoso, trattabile ma dolente alla palpazione profonda elettivamente in fossa iliaca destra; all’ascoltazione si percepiva una peristalsi metallica. Un’ecografia eseguita in pronto soccorso poneva la diagnosi di una peritonite da verosimile appendicite acuta complicata. Il ragazzo era quindi sottoposto in urgenza a una laparoscopia esplorativa, subito convertita per impossibilità di acquisire una camera laparoscopica sufficiente con le pressioni usuali, a causa dell’estrema distensione delle anse ileali, riscontrando una matassa ileale diffusamente dilatata e infiammata fino all’ileo terminale. A livello del medio-ileo si trovava un DM con al suo interno una massa palpabile occludente. Durante la resezione del diverticolo si apprezzava la fuoriuscita di abbondante materiale simil legnoso che successivamente risultava trattarsi di residui di semi di girasole che il ragazzo aveva ingerito interi volontariamente in grande quantità circa 10 giorni prima. L’intervento si concludeva con un’anastomosi ileo-ileale e con un’appendicectomia d’occasione. L’esame istologico del tratto intestinale asportato ha confermato trattarsi di una malformazione diverticolare del piccolo intestino. In quarta giornata post-operatoria il ragazzo manifestava nuovamente un quadro clinico addominale peritonitico da perforazione intestinale su deiscenza dell’anastomosi con abbondante dispersione di altro materiale ligneo nel peritoneo. Ripulita la cavità addominale e riconfezionata l’anastomosi intestinale, il ragazzo presentava in dodicesima giornata una fistola enterica con fuoriuscita di materiale biliare frammisto ancora a materiale ligneo. Il terzo approccio chirurgico evidenziava una peritonite plastica con parziale deiscenza dell’anastomosi. Il solo confezionamento di un’ileostomia a doppia canna di fucile a fronte delle precedenti anastomosi garantiva il successivo regolare decorso post-operatorio: all’alimentazione enterale era affiancata una nutrizione parenterale notturna con ripresa graduale del peso corporeo del paziente che a fronte dei 3 interventi aveva perso quasi 6 kg di peso corporeo. La ricanalizzazione intestinale veniva confezionata a distanza di altri 2 mesi dall’ultimo intervento.
",IT101154,"<s><|user|> Estrai le entità contenute nel testo.
Riporta i risultati in formato json: [{""entity"":""nome_entità""}]. <<L’intervento si concludeva con un’anastomosi ileo-ileale e con un’appendicectomia d’occasione.>>> </s><|assistant|>] </s></s>","<s><|user|> Estrai le entità contenute nel testo.
Riporta i risultati in formato json: [{""entity"":""nome_entità""}]. <<L’intervento si concludeva con un’anastomosi ileo-ileale e con un’appendicectomia d’occasione.>>> </s><|assistant|>",] ,"
Il modello generato per il token in input non corrisponde con la riga specificata. Assicurarsi che il token sia un valore univoco e di lunghezza accettabile.</s><pad><pad><pad><pad><pad><pad><pad><pad><pad>"
